{"cameraMode":{"drawMode":0,"name":"Shaded","section":"Shading Mode"},"sceneLighting":true,"audioPlay":false,"sceneViewState":{"m_AlwaysRefresh":false,"showFog":true,"showSkybox":true,"showFlares":true,"showImageEffects":true,"showParticleSystems":true,"showVisualEffectGraphs":true,"m_FxEnabled":true},"in2DMode":false,"pivot":{"x":-0.9596011638641357,"y":0.9246958494186401,"z":0.09303641319274903},"rotation":{"x":-0.021421916782855989,"y":-0.47522619366645815,"z":0.011488423682749272,"w":-0.8795908689498901},"size":1.0281530618667603,"orthographic":false}