{"cameraMode":{"drawMode":0,"name":"Shaded","section":"Shading Mode"},"sceneLighting":false,"audioPlay":false,"sceneViewState":{"m_AlwaysRefresh":false,"showFog":true,"showSkybox":false,"showFlares":true,"showImageEffects":true,"showParticleSystems":true,"showVisualEffectGraphs":true,"m_FxEnabled":true},"in2DMode":false,"pivot":{"x":-0.19111758470535279,"y":0.059277649968862537,"z":0.5535531044006348},"rotation":{"x":-0.033816996961832049,"y":-0.3649815618991852,"z":0.013203131966292858,"w":-0.9303656220436096},"size":0.17369244992733003,"orthographic":false}